page_id,page_type,working_title,proposed_path,primary_intent,parent_hub,status,firsthand_input_status,official_sources_status,provider_identity_status,affiliate_or_sponsor_status,methodology_status,owner,last_verified,next_review,preview_url,production_url,notes
shipping-hub,guide,How to buy from Amazon in Honduras using Shipito,/guias/comprar-amazon-honduras/,Understand the default end-to-end route,,in_progress,needed,needed,official_shipito_sources,to_assess,needed,Burke,2026-08-23,2026-11-23,,,Current MVP is /how-to-buy; redirect atomically when clean URL launches
provider-profile,provider_guide,Complete Shipito guide for Honduras,/envios/casillero-estados-unidos-honduras/,Complete each Shipito step and understand responsibilities,shipping-hub,planned,needed,needed,official_shipito_sources,to_assess,needed,,2026-08-23,2026-11-23,,,Shipito is default documented route; no delivery guarantee
landed-cost-tool,educational_tool,Shipito landed-cost calculator for makeup,/herramientas/calculadora-envio-honduras/,Estimate total cost and identify unknown inputs,shipping-hub,planned,needed,needed,official_shipito_sources,to_assess,needed,,2026-08-23,2026-11-23,,,Educational estimate only; do not imply customs or carrier certainty
import-readiness,educational_qualification,¿Está listo este producto para traerlo a Honduras?,/beauty-import-readiness,Identify missing information and next tasks before requesting or finalizing a quote,shipping-hub,prototype_off_branch,not_applicable,not_applicable,not_applicable,none,complete,Burke,2026-08-23,2026-11-23,,,Prototype preserved under C:/Abby Beauty/_future; do not publish before Honduras SERP map validates its place in the first cluster
landed-cost,cost_explainer,What beauty shipping to Honduras really costs,/beauty-shipping-cost-honduras,Understand total landed cost,shipping-hub,planned,needed,needed,needed,to_assess,needed,,,,,,Requires dated examples and transparent formula; informational page not a calculator
restrictions,restrictions_resource,Restricted beauty items for shipping to Honduras,/restricted-beauty-items-shipping-honduras,Check whether an item can ship,shipping-hub,planned,helpful,needed,needed,to_assess,not_applicable,,,,,,Separate official rules by carrier/provider/route
timelines,timeline_resource,How long beauty shipments to Honduras take,/beauty-shipping-times-honduras,Set realistic delivery expectations,shipping-hub,planned,needed,needed,needed,to_assess,needed,,,,,,Separate each journey stage and use ranges
mistakes,troubleshooting,Beauty shipping mistakes and how to avoid them,/beauty-shipping-mistakes-honduras,Avoid preventable shipping problems,shipping-hub,planned,needed,needed,needed,to_assess,not_applicable,,,,,,No guidance that circumvents declarations or restrictions
shipping-faq,faq,Beauty shipping to Honduras FAQ,/beauty-shipping-honduras-faq,Get concise answers to common questions,shipping-hub,planned,needed,needed,needed,to_assess,not_applicable,,,,,,Answers should link to canonical detail pages
